timestamp,temperature,humidity,wind_speed,precipitation_type
2018-12-18 17:00:05.354,3.132821632916854,46.85271750279134,12.425616520233753,rain
2018-11-27 03:30:22.074,21.344683453169594,59.03690538952285,13.75341897949307,snow
2018-11-28 14:23:07.856,4.6352668262156405,67.18705530476707,1.6780858813199073,rain
2018-12-01 14:48:00.753,5.726562202558311,92.43553909516777,18.53070508092593,snow
2018-11-27 06:06:23.343,33.35997470066016,57.06130894527601,22.325795010686868,clear
2018-12-17 16:25:06.172,0.7826846819480271,47.37784683228918,12.943566818970933,
2018-11-28 09:49:35.832,26.195282473952535,64.54163919956733,29.454358939040755,rain
2018-11-27 08:15:22.201,13.185095140844322,78.70154573910438,5.3318360124922854,rain
2018-11-28 09:40:33.569,21.02731440185677,74.35555750000577,7.730243097225538,snow
2018-11-28 14:46:25.128,33.26535783226825,57.92251481699041,5.791400644591222,snow
2018-12-17 15:30:08.183,4.698538569564971,44.74782830379879,23.641582659637557,rain
2018-11-30 17:22:57.582,5.873648492424716,36.07233297407635,14.886359254171005,clear
2018-11-30 04:17:59.016,21.59801133204269,40.327922974840575,16.961921191676396,
2018-12-01 00:18:04.773,22.969797404002914,31.633354672739088,26.48237386003523,
2018-11-27 15:36:23.555,27.229201304429512,36.53583293641183,20.696354296693997,snow
2018-11-27 08:09:22.028,33.01588673363207,84.09470266342595,27.922690666405263,
2018-12-17 09:05:09.157,3.7436440533868116,59.9169743845909,5.326386134211015,
2018-11-29 15:13:02.244,34.96357700983672,83.51228490538485,27.517690035227133,rain
2018-12-18 11:50:06.850,33.610268541575024,93.37525010216021,25.839427015232143,clear
2018-12-18 17:00:08.459,2.945957362128478,96.74920882167423,18.94040448382081,snow
2018-12-18 05:20:06.502,9.79659789889757,56.99682862639371,7.563334132222003,
2018-11-26 19:56:09.548,3.936864455203293,78.70282071334252,11.535619574515428,clear
2018-12-01 07:08:02.196,6.965760061937806,32.91758360600978,18.517240113765066,snow
2018-12-16 01:10:04.235,12.241328946782087,32.464582664026246,6.277912794065391,snow
2018-12-13 17:00:03.817,21.849429544327716,57.560955249100616,16.094803302139898,rain
2018-12-14 12:00:10.530,11.250545517666787,75.41754420635121,29.64607620592696,clear
2018-11-30 15:42:58.186,9.61010171134508,84.99866242699687,10.567196169235341,rain
2018-12-14 05:30:05.863,15.732993428069769,76.16260393231939,20.331870088724287,clear
2018-12-14 08:35:05.107,4.437824180446861,73.86366789892057,27.7218510860877,snow
2018-11-30 09:48:02.773,14.907709084675561,52.14355755802655,8.018239361337027,snow
2018-12-16 14:25:08.994,0.9329669444982192,49.76831430000978,9.125044149113016,rain
2018-12-02 03:13:01.400,31.206377173665473,90.44163650640354,29.80337103400901,snow
2018-11-26 06:50:30.690,0.674826540630406,98.28918473304314,11.011725716988526,snow
2018-12-18 04:05:10.670,13.09348081386142,58.454659859511665,25.276193054363716,snow
2018-12-13 15:05:06.876,14.665454086420691,90.5253378968591,14.688884410048145,rain
2018-12-01 23:02:56.631,30.928229113908113,75.36058966152373,17.677252974103318,clear
2018-12-14 22:35:10.961,26.663819357126904,43.20658505100752,5.862923327624302,snow
2018-12-09 23:25:47.773,20.092164548663618,77.15031902847414,4.3407100568228705,snow
2018-11-28 20:32:08.205,32.40614817607265,52.401280213583604,3.060825540475549,clear
2018-11-28 11:06:24.370,19.260689115717746,45.54689367898168,1.429169452722976,snow
2018-11-29 14:53:04.451,22.594308383413985,60.37513128885716,23.139661311874445,
2018-12-02 05:58:07.488,6.233863118624605,60.41297976161225,7.94251550749494,clear
2018-11-29 01:28:42.264,22.522850040323902,94.75648331598413,23.11958468619085,snow
2018-12-17 17:20:04.064,5.215475033309497,38.90393201235936,26.45881915888436,
2018-11-27 07:12:22.018,30.57820580350339,86.46192834808795,0.15672528952356934,clear
2018-11-27 22:39:22.454,18.975239361297763,94.87031983526536,0.25020075565437616,rain
2018-12-14 14:40:19.510,27.022013433581897,85.25405431333962,20.00962725315091,
2018-11-27 19:51:23.241,32.2463226468618,55.42337693877099,22.34050727659577,snow
2018-12-15 15:00:05.240,31.895909392768285,64.31218763082923,21.579772119442687,snow
2018-11-27 10:54:23.400,29.08303668571552,37.065810874025516,23.896830915511202,
2018-12-01 23:42:56.244,23.407298916890884,43.550028967146865,9.918596655631616,clear
2018-11-27 12:48:22.246,28.89562543186277,93.6343832166196,24.735768914583137,clear
2018-11-29 02:56:08.797,32.913838800353616,55.86307460278816,3.010278496096955,
2018-12-03 03:03:02.459,18.133641247336996,36.29368582980993,13.032053713948143,clear
2018-11-29 20:03:01.365,5.310585149580522,75.97405280614723,17.53360983566701,
2018-11-26 09:29:09.873,31.388615499852158,35.02384197221438,10.610436425808595,
2018-12-15 15:05:12.933,14.981917262770079,49.536715128316196,20.667004156756445,
2018-12-02 07:52:58.045,18.504119619300027,90.3820151794548,8.063616934985342,snow
2018-12-14 13:50:09.598,15.94577794092496,75.10225898391042,2.2587908163004924,clear
2018-12-14 02:50:11.762,7.684576596358631,94.31963416385007,11.088632507201833,clear
2018-11-26 09:47:09.735,33.16354232511668,53.393452961547865,0.2334860950643114,
2018-12-14 07:40:12.787,25.032489869181187,65.95648870982285,3.7443246243506545,snow
2018-11-29 07:22:55.827,10.751873717224509,72.45319443721596,20.813712255287218,clear
2018-12-15 07:50:05.557,29.162751706075582,49.62294732790196,1.8409793681690967,rain
2018-11-26 21:32:09.598,14.82183151642234,56.92366754094719,24.28842473636404,rain
2018-12-02 10:07:58.797,0.9429944787960176,65.17049957667143,5.607997012528329,
2018-11-30 10:43:03.931,21.261546329227183,80.0219241977097,5.487334300084397,rain
2018-12-02 13:33:01.081,25.31860417983771,30.907800111886694,18.108840313778725,rain
2018-12-18 00:20:12.582,23.457515719041787,35.72148006466973,4.545364128817231,rain
2018-12-03 02:38:04.085,25.229771746005458,43.810758789079685,9.558864869331249,clear
2018-12-13 17:15:10.667,33.02245502520794,44.089081620402766,14.163998091671766,
2018-11-30 07:23:02.013,31.8775748921479,32.71699479777299,20.728212205888866,
2018-12-15 07:15:08.084,12.18546813699046,35.326252772843354,3.270047028272299,clear
2018-11-26 09:17:11.273,0.31767034372466196,60.29093849559665,19.75501225646063,clear
2018-12-16 12:30:06.377,30.720580712254012,76.539862447072,4.1342153970950175,clear
2018-12-10 00:38:26.439,10.577325210089967,96.1884556841778,24.07559975750005,
2018-12-18 04:20:08.195,15.809427602559225,57.76050215946366,23.417682194059385,clear
2018-12-16 01:55:12.791,12.676957065615436,57.701656459207946,14.590450100998911,rain
2018-11-28 18:59:08.399,28.991725748869058,37.27851411492082,12.97665798559419,rain
2018-11-28 15:38:08.164,24.52135710855475,94.57396851388478,20.977211022517018,clear
2018-11-27 00:59:15.358,21.9084537195016,72.1754090679467,9.357863061340478,rain
2018-11-30 15:18:03.280,27.062387613350882,47.50273080510928,4.032772413495617,rain
2018-12-14 23:50:05.823,16.194919952419383,82.7026227979077,26.03741321779381,clear
2018-12-03 10:18:03.987,1.6014350715661214,75.42318577694613,17.712966513584853,snow
2018-11-29 04:57:45.857,25.70532639855144,33.52525495500313,19.30993946091891,snow
2018-12-14 20:25:06.047,2.8720990665982744,93.58989454454343,19.897241529503905,clear
2018-12-13 08:55:05.446,24.59451213469845,48.64090752537485,23.629964172191407,clear
2018-11-26 18:08:11.736,16.595539170946196,61.88617705164652,5.005062876820013,snow
2018-12-13 08:00:10.047,3.695531935767105,81.48090808525362,22.79002797281221,clear
2018-12-16 18:25:11.634,24.067165544843895,86.11603351257796,3.89225408227123,clear
2018-12-17 05:30:06.566,18.243704199894054,54.36369645599435,19.851424685266036,clear
2018-11-30 08:13:03.552,20.390789824335982,56.57655594296657,15.330745226296102,snow
2018-12-13 23:00:08.022,18.054988308078418,43.66738053043253,22.707724552044102,rain
2018-12-17 06:05:09.040,3.353585783905822,76.15360321873338,7.400345059148153,clear
2018-12-13 22:05:07.643,14.09434174897726,47.640783601336665,1.7361124142677864,clear
2018-12-02 11:37:59.163,0.3626244376942439,34.551209920028604,28.858868602891878,clear
2018-12-17 04:30:06.574,8.506157088669033,42.330225697301614,27.741814764737207,rain
2018-11-26 08:34:07.248,6.374493004507641,52.937054412758044,9.947200791138917,clear
2018-12-16 14:40:11.274,27.473690382420422,52.53664451661743,19.49186795428636,rain
2018-12-03 11:57:57.667,21.07348963804819,64.30643013688555,5.789595713586968,clear
2018-11-30 13:37:56.243,18.97252642557399,62.84517445196256,5.454613959683968,
2018-12-17 21:00:13.356,29.358807317326427,87.6310320831553,8.512314219002866,rain
2018-12-17 03:15:13.936,3.4641346816936487,36.69742635818378,8.273439574900214,
2018-12-13 15:35:12.660,26.452144513108802,73.57401697738729,5.854862734771764,clear
2018-11-28 16:41:08.039,1.2005230363068526,75.3831492372532,13.85295125902024,clear
2018-12-03 22:43:03.469,34.493025380694974,66.91700656756542,9.741164070724333,rain
2018-11-27 07:36:22.444,1.20695767662651,72.1910075352154,17.08211131202604,rain
2018-11-29 13:57:56.029,17.449444591298793,85.82031214326402,29.3848086887303,clear
2018-12-13 17:20:11.496,29.505446802877202,95.482029981231,15.035580467331155,rain
2018-12-02 04:02:56.253,0.7516048083166582,74.27943257804546,3.863861527043393,rain
2018-12-14 08:30:07.893,31.837929034278233,96.56216103987894,3.8483585188676397,rain
2018-12-17 04:50:05.451,1.2740038043176556,31.813411095638934,27.29511711333872,rain
2018-11-26 11:20:09.764,25.57624802604675,61.81956776465874,1.4446989627211393,
2018-11-26 23:51:14.216,7.705058467873624,79.64376420188704,14.845961018226774,rain
2018-11-28 13:01:24.525,7.333243659086047,52.1305974835137,1.5006111234438413,
2018-11-28 09:41:08.890,21.271530442910176,77.77971249398786,9.002152705248893,clear
2018-11-27 09:45:22.454,13.493176907189389,79.81403277264918,17.126284820770042,snow
2018-12-10 00:13:29.037,7.87840718664265,71.4652771011952,28.369417880091678,snow
2018-12-14 18:00:11.864,26.990307488230407,38.35277303871348,25.343643190504828,snow
2018-12-03 17:43:02.730,2.16414957321676,80.87392121427001,24.210942096309694,rain
2018-12-16 08:20:11.360,0.9837076894517766,48.569180621745645,22.405853852065544,clear
2018-11-30 15:13:03.043,33.74056683378056,65.91962289985725,21.054627731069306,snow
2018-12-02 16:58:04.843,33.3512352414687,48.937256080633645,15.332823417408264,clear
2018-11-30 10:43:04.233,7.606242292482755,73.26517810014415,24.28383355010002,snow
2018-12-14 04:25:06.884,23.7304886550196,67.62907011205425,23.039320057179502,rain
2018-11-28 11:01:23.078,33.18070344809307,41.14033056832953,26.147593203279246,rain
2018-12-18 13:20:09.802,28.68651100765075,43.65458560985617,9.584145455647997,snow
2018-12-03 06:38:02.212,0.3889469048420574,81.6553448270825,8.211706552439711,rain
2018-11-27 15:36:23.761,20.856889199003792,69.84840081196143,22.35837803287575,rain
2018-11-27 22:39:25.289,3.8467079387848884,64.26607267359981,11.037094229555786,rain
2018-11-28 09:56:08.245,5.384621245365112,52.306659066018824,26.92709199025685,
2018-11-30 21:23:03.326,4.275870712333991,35.531726087875256,23.679868325039045,clear
2018-12-13 04:50:08.023,4.320995736258483,48.459785214658055,0.3127300958877155,rain
2018-11-26 17:38:13.051,15.828581461617025,62.92208898969801,25.741047947069838,rain
2018-12-14 12:15:05.111,12.615026684535737,73.82869653174824,11.872697999215355,clear
2018-11-28 21:56:07.847,4.463918126177107,87.28247277538065,27.530706548474924,clear
2018-12-02 06:53:01.935,9.338339991986611,98.8470303404481,28.518456886709863,rain
2018-12-15 21:00:14.151,29.526079656528122,64.90715778877592,20.46960360600425,
2018-11-27 11:24:23.497,25.15915607859119,54.460207580798205,23.747034303419543,
2018-12-01 16:28:03.745,3.961377333020085,67.4403020214259,24.15268675195869,clear
2018-12-03 01:43:07.191,33.81376067059237,33.903751506071245,12.6883784841861,clear
2018-12-01 23:57:59.506,34.980010827405366,86.91599723662287,14.237247488064575,
2018-12-13 04:45:14.966,24.31185989234901,77.89138964562386,23.61753624361192,snow
2018-12-02 20:47:59.755,33.43514389585191,38.81285918304582,27.99011853337443,
2018-12-04 05:17:59.143,18.862038645867713,91.62702283286166,4.10297543206306,clear
2018-12-01 08:38:03.524,0.9829196937063983,74.58487439625938,16.887344999599392,snow
2018-11-28 08:54:56.661,17.12433324671785,42.062535827639984,2.00857682381252,rain
2018-11-29 12:12:55.831,15.856983716004896,32.687151403458834,23.296824906088833,
2018-12-01 02:08:05.463,23.197220916553363,55.266521410591274,20.805036421707477,
2018-11-28 17:11:07.663,30.781646516592403,58.98135702092348,20.11624778556351,rain
2018-12-13 04:50:08.225,11.641965506624931,56.88698284164117,15.998118907273355,rain
2018-12-17 15:05:05.775,4.2202731386161325,37.69546563045607,9.170654937257163,
2018-12-01 16:18:05.745,24.313200175208188,60.410380433826845,6.3198411056435315,rain
2018-12-16 06:10:11.516,29.152449565539673,37.6994084563966,3.993180716120185,snow
2018-12-03 07:07:57.575,20.99558280982319,35.586203109532214,2.0165864862068106,rain
2018-12-03 12:53:02.480,31.696201561935155,34.33268017206762,26.55996401292058,snow
2018-11-28 11:50:08.022,14.311468577577521,73.3233417626175,3.6381906282197454,clear
2018-11-28 13:05:08.144,26.52218143273055,98.43205961676566,12.475468367016585,snow
2018-12-14 14:20:06.956,17.05330024028833,84.1769062320981,26.545876579835202,clear
2018-11-30 02:07:58.869,0.4520621416189874,76.06339194163083,2.4071720668197836,rain
2018-12-14 07:05:07.272,26.231340721095062,44.562127288025565,29.661460131080624,snow
2018-12-17 18:00:12.762,24.54702810653622,61.45582168045075,24.04533308459431,rain
2018-12-13 07:15:03.576,30.532484897028436,80.18866226762506,25.423038602820867,snow
2018-11-30 08:28:04.515,15.882198314679615,49.50003994162237,1.8757514873981995,snow
2018-12-16 18:55:05.074,26.57361499877531,73.39380470735557,27.978009013006403,clear
2018-12-14 03:45:13.000,7.6733362061910535,45.88342518298885,27.00774247654056,clear
2018-12-03 22:58:02.746,30.312389290789906,58.67439893866435,9.14535287296983,clear
2018-12-13 21:50:10.917,33.78407095606028,61.13953721892025,1.740304026338546,snow
2018-12-10 00:23:30.759,31.913473634653965,43.56156796385697,21.74964960024798,rain
2018-11-27 07:36:23.506,1.7572214567627842,98.83351773280572,11.855811397015296,snow
2018-12-13 06:30:14.256,2.5454564398539232,48.49054371786393,15.640157211330576,clear
2018-12-01 11:47:56.010,13.591648921452125,37.62504128215076,25.827412357260656,clear
2018-12-14 05:10:07.864,19.41125520614279,79.16372143202955,2.3153656446319237,rain
2018-11-29 00:33:41.143,28.35971224949171,76.88597371800597,8.110529409408342,clear
2018-11-27 17:30:22.368,5.909152562690205,91.4502287857955,24.46408906872894,snow
2018-11-27 07:42:22.101,21.75560645656414,64.90756987690014,2.8013249684771058,snow
2018-12-18 04:15:11.928,31.233851856712217,35.5619092044619,23.856472071306175,
2018-12-17 16:00:08.875,5.152512960492128,43.28297816486245,4.070285716293372,snow
2018-12-16 00:00:12.679,3.8041160051621903,98.79443251586727,10.74450335437017,rain
2018-12-04 06:08:01.095,18.207767318767807,44.523482870035956,7.566599212800504,
2018-12-16 21:20:11.233,34.189100171700666,66.93548414015939,14.097510480220825,rain
2018-11-28 13:11:07.960,4.5964879360445785,96.72098937214105,22.27976673073578,clear
2018-12-01 08:48:00.120,20.033546108170952,68.13502427828921,14.90480177853683,clear
2018-12-01 00:13:03.483,27.30633334695827,69.8919604457038,5.797220177807044,snow
2018-12-18 04:00:11.452,4.402485215707463,60.600936891000416,20.725575744611834,snow
2018-11-29 18:38:09.927,23.29665277765079,93.64906434412975,14.502239784644898,rain
2018-12-03 22:47:59.472,2.5266723474532213,81.13348498006832,18.146336709250782,clear
2018-12-15 07:20:10.630,24.34064493574281,98.84122510413845,18.240577245267275,
2018-11-28 13:50:08.091,32.762728365723014,44.89299884370062,14.887984475365968,snow
2018-12-15 20:45:14.057,0.6351378040453354,94.09083452135967,16.798101391765144,
2018-12-17 07:20:05.659,9.974341328281206,89.69848144293306,24.364458574095504,rain
2018-12-02 07:48:00.608,10.466604421067474,94.56188436319327,3.032249830471383,
2018-12-16 19:25:10.317,34.37121117219352,62.06570754269118,28.83747132046138,clear
2018-12-16 09:30:06.363,24.168721173571697,55.63911251085627,0.3555425782159738,
2018-11-29 22:28:15.132,25.23538438781404,47.850223952123784,10.038072722506165,rain
2018-11-27 21:09:22.089,18.44781047865807,31.316586562073223,22.867459680754948,
2018-11-29 03:23:07.937,20.33063178564028,41.992822543915835,28.631691031070932,clear
2018-12-18 07:40:10.922,29.548818853927557,33.34570539244574,4.657608250185006,
2018-11-27 19:24:23.189,23.66411429518458,91.19165238605203,0.6288219064169165,
2018-12-01 20:13:04.811,12.10033929466249,73.79230912651263,7.941778015757817,snow
2018-11-29 01:18:40.213,9.597155486594021,48.18120822047926,20.122527577525087,
2018-12-15 03:50:06.136,30.56006743417983,65.19299056196292,11.99524305721701,snow
2018-12-18 10:35:14.582,21.20475454069465,93.92574315217085,28.0016215178526,clear
2018-11-27 11:51:21.965,33.253064604615375,65.77238092729503,7.296950316828232,
2018-12-14 05:25:12.983,21.814534457158754,90.54631869232279,24.932375485672,rain
2018-11-29 01:29:08.170,13.672132197787906,41.655204353608326,20.955984990379513,snow
2018-12-15 16:05:12.531,8.306788733150738,58.37767792104389,21.358763628423688,
2018-12-16 18:20:13.292,7.538480840418975,55.17955149624132,19.48845917413428,rain
2018-12-14 02:30:12.693,29.899837338193574,64.4386742798296,17.339045984992826,snow
2018-12-17 04:35:07.192,34.911005905902385,93.83912723262101,24.77673885941346,rain
2018-11-28 22:47:08.463,18.033710643311377,80.58891134273881,8.343831147234443,clear
2018-11-27 20:30:23.220,33.15006645606755,31.929908360492586,24.22832413479841,clear
2018-12-18 15:50:12.954,15.192963730539718,81.37271117662496,21.856273918429928,snow
2018-11-26 13:14:10.652,30.020398878000172,46.996863980556974,5.230518392487027,rain
2018-12-03 21:58:01.164,15.958496485754885,79.57158919210694,25.159236747406112,clear
2018-11-29 00:05:08.314,19.520419959021407,44.55260787192559,7.66944701010811,
2018-12-18 18:45:10.304,30.53785444829519,64.70882766882073,4.549819146675209,rain
2018-11-28 18:14:08.971,25.741845435840133,91.38860082077416,28.54761922109391,rain
2018-11-30 15:22:57.704,24.21808836763122,48.02843525508298,9.429793507716525,clear
2018-11-28 17:26:08.255,5.571168371662995,90.43288550350238,19.63496639070091,rain
2018-11-26 23:33:14.662,17.51655694287985,31.13747638596884,0.19821966358147258,rain
2018-11-30 14:33:05.814,22.99435963265298,59.06749742880959,4.985395670905916,rain
2018-11-28 11:41:07.772,5.151686348959528,96.9095811077609,0.5429147103511167,snow
2018-11-27 23:21:21.801,34.75679421361501,72.665043393853,24.546716765404952,snow
2018-11-28 18:38:07.434,21.911926534979603,32.091454728608035,12.215275973334364,clear
2018-11-27 14:51:22.265,1.063355564442217,84.62128893374552,27.069212827280012,clear
2018-12-13 19:00:16.888,14.824484368139373,83.87605298663792,10.818885966544922,rain
2018-12-17 03:00:12.152,7.2380946576756315,56.071162421128435,29.772810677144268,clear
2018-12-03 05:03:02.110,22.817326271196738,64.54866904857525,15.149245870212596,rain
2018-12-14 08:10:11.012,2.8412322124177054,59.48893523078527,19.130493460633616,clear
2018-12-17 01:15:03.773,2.1135563934088424,40.80805769089426,16.157947592211038,rain
2018-11-28 15:08:07.960,17.24361628698571,83.99298176043271,8.371137093897797,snow
2018-12-15 21:30:07.320,16.621555326950403,40.139402610998616,22.56005867915595,rain
2018-12-03 17:23:03.120,26.483299719898135,90.94041316219226,22.23571922496762,snow
2018-12-13 10:20:10.578,23.112387243561123,45.90568819140461,12.004204442902557,clear
2018-12-16 03:55:11.163,23.727103883948494,59.45752205328165,2.702466116148857,clear
2018-11-27 16:33:23.775,27.499294870954174,60.63408065184476,5.6603542742867,rain
2018-12-16 06:35:08.779,2.620805846375834,53.518514989958966,20.582377444198737,snow
2018-12-15 07:05:11.720,22.378959814401856,70.09863904128136,1.2125490563159325,clear
2018-11-29 04:29:07.975,8.774425691579678,94.8640468719335,16.722171140318924,rain
2018-11-30 15:43:04.204,30.387899843853624,52.55360237696719,21.73259375169757,
2018-12-18 10:30:10.117,11.48517136511732,38.02631463687049,21.047793120695207,
2018-12-03 08:02:58.486,0.3569764751582827,92.10263043748708,0.8551464898233307,snow
2018-12-03 22:58:00.080,31.810043056944117,65.71010675449008,17.554362897058883,clear
2018-11-27 14:15:23.589,13.367740449952572,59.2202827798467,28.838464168542746,rain
2018-12-14 08:20:06.248,16.221526106752584,31.281614976940645,2.4682860797010333,
2018-12-02 17:03:02.486,6.251946254358786,77.4439504534586,16.472646555864873,clear
2018-12-13 15:30:11.972,28.77896270127804,52.98797290722493,24.342912166341605,
2018-12-03 10:03:02.402,2.0367274488691822,92.56706866670444,2.669095805493601,clear
2018-11-29 10:53:00.349,23.65636005275947,59.93093897637098,19.817567204554766,
2018-12-01 21:13:02.576,27.373229378724297,79.87130756621613,17.077636586598896,snow
2018-12-03 16:12:59.243,20.822318083304282,65.40375629875592,7.6564578802188334,snow
2018-12-14 11:55:15.028,26.6039339425185,93.73413330285594,1.3666663709555316,snow
2018-12-14 17:15:05.322,8.85185778861442,37.06270830387009,25.296020103693014,
2018-12-02 14:02:56.031,14.377320794983833,43.643796329592796,19.50191263830305,snow
2018-12-01 06:27:58.776,8.224135494853703,41.042598837653266,10.831719008104894,snow
2018-11-30 12:33:00.209,13.910880385456759,75.86274266398023,21.732698644771087,
2018-11-28 15:50:08.149,34.78469583659411,53.0711486939511,26.036955384859837,snow
2018-12-02 19:48:03.253,11.470160863526402,93.48939472491188,21.493294870869875,
2018-12-03 05:07:59.276,6.856338308175133,73.53702967837337,23.00305284168301,clear
2018-12-14 23:05:03.926,2.2081940157149433,74.94022053949128,5.992787521857932,clear
2018-11-29 20:03:01.530,30.737498164671585,34.13565045818802,7.220538834695393,clear
2018-11-27 11:21:23.456,2.064633453716293,94.01357653304244,15.015521772952516,clear
2018-12-14 15:35:10.933,10.213970801615949,55.10942149137363,29.66730413375661,
2018-11-29 22:58:01.827,8.416201391959058,30.274576590682265,27.97633725856471,snow
2018-12-04 02:48:03.524,0.5547544943466698,36.20300720072929,3.051277531936716,
2018-12-03 04:12:56.187,27.430775698332713,43.058106521300324,15.962448682136092,snow
2018-12-17 13:35:08.145,21.284168977007653,92.6326146164364,16.072016981128854,snow
2018-12-01 08:08:02.114,22.469331284998365,82.10785590450458,20.038765322573028,snow
2018-12-14 12:20:05.517,12.574191350081863,93.68838872126321,11.920928976040955,
2018-11-27 15:06:22.034,25.9960384834731,94.21302695366319,9.28854702846772,snow
2018-12-14 12:05:07.134,9.289457265977145,37.48664457561767,1.4090365793809057,clear
2018-11-29 04:29:38.103,2.5188077914322853,37.672531040318354,5.359335812002495,rain
2018-11-27 14:54:23.784,19.86177168978794,67.20835342985525,9.816250557645942,rain
2018-12-02 19:27:56.172,25.98263206668678,89.12291097135461,11.006084446126076,rain
2018-12-02 09:12:57.480,34.8388585896493,82.89762714264188,2.7049592665617164,snow
2018-11-28 15:05:08.457,23.60595521480259,76.43616536357268,29.65165510235364,
2018-11-29 02:11:08.067,14.869983541161696,51.90842149621942,18.41718440880922,clear
2018-12-15 09:05:09.634,19.326077644728276,74.9087004557927,1.3409742432763683,clear
2018-11-28 10:20:07.966,23.554923904071003,72.5123374912901,5.100571031022701,snow
2018-12-03 13:43:04.614,32.48693793830575,54.26642597566649,28.420537839528926,snow
2018-12-02 01:27:59.488,26.933716348668224,68.64652023081771,0.9091761655742148,
2018-12-18 15:00:12.619,16.541869714251558,93.69441415688351,27.248528906177196,snow
2018-12-03 20:03:01.245,23.05661671667788,77.30460946440965,26.950562703857365,clear
2018-11-29 16:58:04.331,9.21637609109976,62.84498745283854,27.52710506239132,snow
2018-12-01 00:38:01.585,32.931854699192336,64.63986724039623,23.178043264109643,clear
2018-11-28 11:06:24.803,1.5000828926103544,72.67027531518846,29.594629085953308,clear
2018-11-29 20:42:56.395,4.910240191419202,49.42682476696778,20.795657842940834,rain
2018-12-01 17:13:02.123,31.413548370136294,73.81641283412876,20.413713619361538,snow
2018-11-28 17:35:08.873,30.633903382589526,79.64086120474042,2.7249392098485634,
2018-11-26 06:50:30.691,31.283514730345985,87.61697890237002,5.043890348467547,rain
2018-11-30 03:07:58.690,25.667055726034217,94.81217698577048,13.994642868484501,snow
2018-12-15 12:20:11.592,7.215664318133347,80.31153527663008,27.353541477853973,clear
2018-12-02 08:58:04.105,2.201510484161205,52.22528665981697,23.162093130416306,clear
2018-11-29 17:32:58.677,14.568602148384672,48.591091576856016,17.312654193707644,rain
2018-12-01 02:58:06.171,9.939692920944971,41.55041133683654,4.61119384337063,snow
2018-11-29 21:32:35.933,0.47932023398004675,73.50542955258355,24.63621317320545,clear
2018-11-30 20:03:06.763,3.284863286436137,93.34954353404993,28.15969917684723,
2018-11-27 09:00:22.528,11.824004607713658,75.46329705045073,4.450041019471536,
2018-12-17 19:55:08.818,11.866287158577911,85.19957124098168,25.77090181287487,snow
2018-12-03 11:08:07.885,25.9656168897664,38.430186782839996,5.310739204570463,
2018-11-27 09:48:22.393,24.43004275761231,46.38479364973955,0.9262860862579414,clear
2018-11-27 04:54:21.997,33.976452514269745,43.59288212144999,27.739537582344763,
2018-11-28 07:34:35.486,5.226749326421403,72.87732518731406,27.782445772424506,
2018-12-17 22:00:07.538,14.616775480660216,51.461538247769084,27.228453214845203,snow
2018-11-30 02:22:59.213,10.205034031603192,83.6265652870369,1.6224181454181552,rain
2018-12-01 03:38:01.899,3.8744542888778173,58.89218613706575,29.639527090719074,clear
2018-12-01 19:38:03.862,33.67129298945535,83.80745327869315,14.219557070950598,snow
2018-12-01 23:08:04.370,8.913959236374518,64.88421730179272,10.276176625573571,clear
2018-12-17 18:20:07.220,23.05169596339109,33.03790860247777,10.076435821595283,snow
2018-11-27 13:03:21.910,23.549366568384045,55.12540136030143,21.627902854099567,clear
2018-12-02 00:48:00.464,34.50437878124473,59.267112961112886,22.63128103233735,
2018-12-18 03:30:12.314,3.437753281495748,34.9690710173508,25.223013294313454,snow
2018-12-14 13:10:10.119,31.897956305609227,57.44093711803645,29.716786481716444,rain
2018-12-01 07:52:56.577,8.0526785503955,40.87307362025158,27.166193229922804,snow
2018-12-01 02:48:00.030,3.7015374037185333,62.41166426231929,28.720090232212414,
2018-12-13 05:30:14.779,33.756364827230804,58.02936664345148,3.666713158405023,snow
2018-12-16 11:20:05.238,32.59964855162613,76.86959286018444,9.434798508923446,snow
2018-12-14 02:35:07.415,1.2874994997617328,84.51561667041094,4.984496528131971,rain
2018-11-29 13:53:02.644,25.691497966899806,94.8640669127664,7.5569411713918555,rain
2018-11-28 11:44:08.516,24.34730501535693,40.22010019809767,6.58020121128751,
2018-12-01 05:42:58.556,31.539559693510043,94.63323368686581,18.876199394077315,
2018-11-28 19:47:08.387,29.16456368723148,49.65401135031368,21.82860699328779,rain
2018-11-27 22:45:22.613,7.406273266923587,69.19752362250878,29.59280359946472,rain
2018-12-13 05:25:05.331,2.800368722032853,80.15973690253753,14.962193040741102,snow
2018-11-30 06:53:02.236,16.938147554488804,51.71650585474525,10.392687669658441,
2018-11-27 23:06:22.065,18.00877397558492,81.5725808349367,13.305112402423525,
2018-12-15 15:05:13.550,20.09213936151527,87.75443226349952,20.2800364994143,clear
2018-12-15 10:00:06.600,9.23339384740455,30.744868604186543,23.6534312119187,
2018-11-27 15:48:23.758,33.30637396419987,76.78079232441358,20.691632757469318,clear
2018-12-16 11:30:08.153,31.5187550285534,50.328487250615,1.9134341612868677,snow
2018-12-15 12:40:05.810,15.845722543603888,71.09792407636837,22.42961425682373,
2018-12-02 18:23:07.638,18.231294203931856,45.23434459121765,15.051211988955318,clear
2018-11-28 13:20:08.277,26.09133471056336,99.72930234796587,2.92452836434971,snow
2018-11-28 14:08:07.813,9.343857472422771,80.27140335661146,25.510708235837395,clear
2018-12-15 09:20:09.465,26.52849263942012,48.142992174613326,29.75081257139998,snow
2018-11-29 01:44:07.143,21.769208322263736,42.96493526570047,1.7226861038679997,
2018-12-17 19:50:14.526,32.48781897304554,48.577043495775825,2.888180991379575,
2018-11-27 15:03:22.226,23.086456789335017,57.69617824406926,28.530190929354916,rain
2018-12-01 17:23:00.529,13.49684479818505,62.09118569367592,28.34494729896809,rain
2018-12-17 11:30:05.901,0.6715030208129569,38.82341882035404,0.36377742084474973,rain
2018-11-28 13:46:24.766,21.899649318021652,82.3659638607475,15.48348423036341,snow
2018-12-02 07:13:02.055,20.63050071140631,43.75737407006409,4.620923222324031,snow
2018-11-28 14:20:08.016,29.05675195736152,98.73053066450653,1.0460419196303483,snow
2018-11-27 01:45:21.906,17.709404353651205,95.14748290642677,20.414050488947144,clear
2018-12-03 07:08:02.157,14.05954998455901,72.64860559691941,14.81499672651112,
2018-11-26 12:56:09.570,5.237424061353082,91.00290914436235,28.720415160507578,snow
2018-11-26 09:44:09.917,24.629393281649065,47.990288529871364,23.781238677163167,snow
2018-11-30 00:03:00.117,31.461013985271535,48.61931324913948,28.799422807168124,clear
2018-12-01 18:47:57.848,19.15047822544765,99.01936697306905,10.484295494175207,snow
2018-12-03 08:38:01.944,27.638604066121413,97.14836596719104,25.935866694302682,
2018-12-15 07:35:07.615,24.727119887076547,46.803661098941646,1.9196035434207293,clear
2018-12-15 19:15:05.838,2.8591153191483185,39.6320378117526,29.293386178773794,rain
2018-11-28 16:08:07.676,3.489736111190602,30.898953474415055,21.00101358661812,
2018-12-01 07:18:02.138,30.180565028289763,81.07805920458594,13.07938458732983,clear
2018-11-30 05:07:58.833,16.19434186939251,87.232612512045,15.731484905466973,clear
2018-12-15 07:55:11.403,24.433721969846758,97.69119578762036,24.70915469464665,snow
2018-11-27 11:00:22.531,24.42249476826609,37.57137976238205,19.993519789225036,clear
2018-11-26 10:02:09.690,29.174562947208766,69.99734340508488,1.1064424155807617,rain
2018-12-16 05:00:14.296,22.065608669187075,75.76839072965973,10.02213701425217,
2018-12-17 09:25:06.800,26.155438763965396,92.66789541450115,3.6015260433864404,clear
2018-12-03 12:53:02.807,17.21242321026888,82.26611000811272,11.257104121069306,
2018-12-04 01:23:02.004,20.82815767171706,96.74112330721431,1.145169302412683,snow
2018-12-16 13:10:08.548,6.965470457080457,32.75953522541331,16.799454988350917,rain
2018-12-01 08:53:01.489,29.875712735628603,48.663399993604514,19.131841785057897,rain
2018-12-15 21:45:15.576,13.207048868814509,52.00533555832816,21.221288558949027,
2018-11-26 21:32:09.770,26.442541014345192,38.46800410555304,13.49200744428577,snow
2018-12-16 05:00:14.988,21.426754716456962,89.6453172371424,10.902043170968795,
2018-11-28 22:28:43.072,27.298439609482212,45.367303537706285,7.7029095199534225,
2018-12-15 16:00:11.673,23.526235272079095,92.60923468617284,21.292750283885017,clear
2018-11-27 02:30:22.147,30.77754266099923,69.97796515744348,26.0729604612309,snow
2018-12-03 07:22:57.424,0.2850618236490682,34.358627068954675,25.545343225059387,rain
2018-11-29 12:28:02.115,17.07764146444991,47.479144116588984,14.924102897711226,rain
2018-12-15 14:50:06.594,34.526626409815755,31.92009884666063,20.93512708010107,rain
2018-12-15 22:05:10.501,1.539842266885606,56.24201063029561,11.503692714474,
2018-12-15 23:00:11.402,29.899250140392738,37.20623359365555,23.48607701528951,
2018-11-27 22:27:22.299,23.06506629127646,81.28403968084984,22.22745622756492,clear
2018-12-02 06:48:00.128,24.033653197595584,92.1138166011047,26.688134638799394,clear
2018-12-17 08:45:11.558,10.4017306403679,65.67145714109338,27.15121014295659,snow
2018-11-28 22:38:07.802,3.488446475210825,83.44158011487372,18.56748895274605,rain
2018-12-17 13:55:03.727,21.935304744252775,45.00980905331023,12.175819551810388,rain
2018-12-02 12:17:56.309,31.700282926727283,62.75829420248052,29.515399866316876,
2018-12-01 20:28:07.954,10.034707505638254,66.76395877758652,11.059303983229968,clear
2018-11-30 21:13:04.633,34.14271750412149,72.80599412559472,7.549030542046769,rain
2018-11-29 10:02:59.568,18.934371962070507,83.73343657976166,25.601518863249385,
2018-11-26 19:41:10.219,25.48323535065449,93.48858381836857,3.454300765827,rain
2018-11-30 01:43:03.716,17.565452595436778,94.90267907479615,9.60491464716383,
2018-12-01 17:03:04.401,27.526653190769856,97.10983198554504,15.052299400708453,snow
2018-12-15 20:10:14.404,13.141575887705738,55.48709051802015,18.702824016818013,clear
2018-12-16 03:05:14.463,31.51499436301256,62.751993119649256,21.687841352848636,rain
2018-12-01 19:08:00.245,29.962521193593812,67.0166707981804,16.114012238788874,rain
2018-11-27 08:39:23.375,16.661430487248442,88.61067085550678,8.719941200356804,clear
2018-12-03 05:13:06.408,26.78613382438556,41.50910245891908,4.456432597667813,clear
2018-12-01 02:38:07.721,5.018157864228133,96.87322210176008,7.060413542604116,
2018-12-02 18:38:06.300,13.904256212357993,52.505175597720466,23.81859326147651,clear
2018-12-04 05:38:02.244,34.80792823378115,72.60086461144671,25.208501348251225,clear
2018-12-03 15:13:00.212,7.267002750549188,76.73780150323961,9.263787048255004,clear
2018-12-15 20:05:05.912,18.382171191432555,32.441305161535574,26.90173445459112,rain
2018-11-29 02:29:21.147,18.62981733536227,51.99394416805238,22.15602458470069,rain
2018-11-28 09:41:08.785,20.06784776325595,66.65505359802282,1.787570322604476,
2018-12-02 01:33:04.346,25.519194579228667,45.0391236569637,0.6761391866658517,snow
2018-11-28 15:05:07.893,28.857355495834092,43.080527321071315,26.602116884605092,rain
2018-11-30 12:52:58.194,24.648342239295612,97.80181420816311,8.537319051053968,clear
2018-12-03 10:48:06.544,26.72329562896178,86.60045064923982,16.27566448370996,
2018-11-26 19:44:09.491,26.71340328500737,86.1595720718068,17.39736252979476,
2018-12-02 04:32:57.491,11.870998057751812,31.749889850251908,4.557491037610131,rain
2018-12-02 11:48:00.485,1.727421602362111,49.50941207025437,7.746116588442616,clear
2018-11-27 22:06:24.575,15.17169063578268,99.44020134439383,23.315788278761637,clear
2018-12-15 16:30:13.159,29.34575642356383,32.66594740794874,14.619308342952394,rain
2018-12-14 17:45:12.529,28.191119844667234,48.22496874575408,14.238126842460252,snow
2018-11-26 12:26:14.737,8.157594928097499,41.85999259339225,22.55912004355078,rain
2018-12-14 07:00:11.046,31.133370586921934,35.3441991969562,16.876481933503644,clear
2018-12-17 12:10:09.281,28.67729395857696,97.49645639160659,13.309405729990925,
2018-12-14 20:25:12.469,18.013729986649786,55.527613981993085,9.025768089418184,snow
2018-11-29 01:23:40.547,20.991360274681643,84.15108699554565,14.10707643811299,clear
2018-12-13 23:50:12.637,7.057806490424699,75.68424787292045,0.5414720768025727,clear
2018-11-28 23:11:09.083,8.045211705661794,99.90315136547994,7.671917025787474,rain
2018-12-15 17:45:04.409,9.544450830703468,44.3079326396885,23.46281663155683,
2018-11-29 01:32:08.844,17.5832343482881,49.201785259524954,13.470329209116633,clear
2018-11-30 23:33:03.713,33.316259158978156,62.389717773810574,3.352933228064623,
2018-12-02 13:32:57.641,1.9610220261803923,94.95876670919098,4.348485890275415,rain
2018-12-09 23:52:59.819,19.339130321238773,42.002748020882635,26.879310333925172,clear
2018-11-29 01:23:07.642,15.25345893434986,37.72135959030436,10.151927430106843,snow
2018-12-03 08:23:02.950,0.9265174611374372,92.39742991147205,1.1738529196836944,
2018-11-28 00:15:22.407,33.41974304167115,62.64794880327327,9.654525753703862,rain
2018-12-03 08:53:02.484,21.62608703187499,84.04997405413692,21.602069005326353,snow
2018-12-16 07:05:09.828,3.035855124967129,85.13724100594574,18.240056581027318,snow
2018-12-15 04:05:12.511,28.944343794182664,51.318249060542385,17.958542598232704,
2018-11-28 23:38:41.772,30.979427339256976,67.09578633518882,16.11544394592024,
2018-11-29 14:28:01.269,4.398085958721383,96.41777751649067,29.732206524720233,
2018-12-01 04:38:01.810,21.941695802576227,42.92014527956831,1.3094449846626233,rain
2018-12-16 21:35:14.939,33.002244956863386,64.71786627524885,29.809014503552355,rain
2018-12-02 14:37:55.944,29.8827195625011,48.288605854419146,18.78176879269346,
2018-12-15 14:40:13.915,27.174305784076793,82.87056168667937,4.946307687806372,clear
2018-11-29 04:20:07.764,13.081853348093706,38.17023966608218,9.431969314906464,rain
2018-12-14 14:25:10.292,17.507712769091178,52.617635661668984,10.244520014481024,
2018-11-30 15:58:03.162,28.309668441797925,71.39120823251133,20.16584902371495,rain
2018-11-28 15:11:08.286,24.891604664078386,78.59023974784063,29.666390416182303,snow
2018-12-02 05:12:59.851,18.85098186139828,54.07491080721625,11.417912401988094,clear
2018-12-18 13:10:12.145,20.136827274931264,58.31648443844898,2.139111941273062,snow
2018-11-27 21:39:23.881,20.0637441376934,37.04696158081201,14.479019033064036,snow
2018-12-14 13:25:08.264,26.73883000409313,56.37950094548434,19.466213136159528,snow
2018-11-30 13:57:57.560,16.48286679384522,57.57959231994105,18.23743054236286,clear
2018-11-27 07:42:23.810,1.3085553628055497,60.26528002144786,13.199709715744765,
2018-11-30 20:28:09.330,14.802066274125519,48.72502280301609,10.257944518047942,rain
2018-11-28 16:20:08.264,33.67709918992654,53.76580934574915,5.063317076073726,snow
2018-12-17 19:25:09.943,33.983297373443,84.960184796259,1.928184642122469,snow
2018-12-02 22:53:01.074,12.076823746466497,65.576842143653,18.98094490573704,rain
2018-12-03 16:48:06.946,4.558911552573589,85.95297507631241,3.1197333932855678,snow
2018-12-01 09:27:58.153,1.2553060040324926,38.546118544446905,12.438151476835923,clear
2018-12-14 11:20:09.898,6.232394276840585,93.30644174277869,5.811470520036613,rain
2018-12-03 01:22:59.268,9.310618258715918,71.4003130480383,25.393124026275327,
2018-12-02 16:43:01.280,11.894044657995336,91.54954984147071,7.349891825342292,clear
2018-12-13 10:50:05.330,3.500107264562871,45.53439720824587,19.1115165198925,rain
2018-12-18 03:10:08.299,22.948335445383663,58.684011891780045,6.35134557343722,clear
2018-11-27 23:09:22.434,21.009671393980177,93.3283964717684,3.8121066467243816,rain
2018-12-13 19:45:05.743,16.417737320604868,58.61563548420843,29.01406062637799,clear
2018-12-03 23:52:58.596,31.124212751351912,31.76126765977051,0.9497745023546222,snow
2018-12-15 08:15:12.483,26.174175462155652,43.82666571852032,11.44119296778824,
2018-12-13 23:50:12.461,4.599640714824692,80.9275147176314,22.06799764840953,rain
2018-12-03 19:27:56.478,29.135183989635383,70.1836762983479,25.273157508751154,clear
2018-11-26 05:17:46.745,4.074150912306022,36.017669158633495,5.880739624809577,rain
2018-12-02 18:03:01.956,20.971503669378823,31.642861108048113,25.804489754206344,snow
2018-12-02 07:27:58.564,10.853525440103136,43.31741100082461,18.05607519268881,snow
2018-12-18 17:40:11.310,16.060968392258857,84.1662948653899,25.639745098577055,snow
2018-11-27 21:00:22.858,6.825723698715604,79.25922889623912,22.86984344108305,clear
2018-12-16 01:10:13.178,26.491311980473423,77.86478372392259,28.000110403073982,
2018-11-29 03:34:22.333,30.657096203064278,58.467572831184725,7.984997112766661,rain
2018-11-30 11:57:58.659,27.001237778146585,95.56132551456498,25.577678721411562,
2018-11-28 10:32:08.007,16.19580260540558,40.35877528593733,4.084104372946602,snow
2018-12-01 03:22:56.414,8.996373150238107,82.40423661403338,18.38151572483506,
2018-11-26 16:17:10.620,28.82058486795248,76.6581657980752,10.32132221683532,clear
2018-11-30 23:23:01.816,32.225728110652554,95.11536784555034,27.810857925436157,snow
2018-12-14 20:10:08.588,10.894123070670338,64.0618575729084,2.928873052510663,rain
2018-12-14 12:50:03.429,3.078084919758876,68.72002697039156,19.551024048850138,clear
2018-12-10 00:13:25.533,9.373715599988213,55.903113097669795,4.541222482468868,
2018-12-01 01:48:04.363,34.37456962874147,67.02485794315942,5.224594542481195,rain
2018-12-15 22:15:10.293,21.774588516689644,95.16792590117313,15.243035263752814,
2018-12-14 02:20:11.197,4.235039204983431,38.048735245374104,15.083597171131393,
2018-12-02 20:53:06.129,20.79177826025665,67.25120813614242,7.796270339666826,snow
2018-12-02 05:28:06.444,3.476167154289337,62.64379429325042,28.504107967639023,snow
2018-12-13 03:35:00.714,25.529069923361398,83.52472323283865,0.954019017146146,clear
2018-12-13 13:30:05.313,6.296410927749275,64.83890838315426,3.005842520681999,
2018-11-26 22:42:24.812,29.543402180450673,79.42428332038318,19.851641962014877,snow
2018-12-18 14:00:11.739,25.539042187223583,67.21104294178093,21.35136907480905,rain
2018-11-29 04:02:07.891,11.396311774501095,94.66750492384818,10.425798792075012,clear
2018-11-29 23:03:01.650,9.72232282800324,83.65057368563113,0.24410055131196318,snow
2018-12-15 14:00:10.970,9.788653616435015,41.70338378195253,25.78384179913422,snow
2018-12-03 14:57:58.010,16.950250473827488,36.69929747606581,22.256387102470185,rain
2018-11-28 22:03:38.126,1.1418633561804707,66.94439295807534,18.2178221827194,
2018-11-27 00:51:22.384,20.171893476576766,70.58621312233757,20.10624703094386,clear
2018-11-30 20:58:01.907,7.416086161840154,76.4070886436158,3.1260091661038247,rain
2018-12-02 19:47:58.703,18.498816183616842,73.75367099026298,8.016695649667154,rain
2018-11-28 13:20:07.965,8.796763559919993,97.3671301610862,19.677460505048714,clear
2018-11-30 22:13:06.332,32.57382986710001,85.44377119177418,28.100015417384903,rain
2018-11-29 04:46:23.974,10.419152465072077,83.49250165800916,8.185510058407564,rain
2018-11-27 03:45:22.433,24.665717618614813,97.12429903742657,3.6690658410377375,rain
2018-12-02 20:02:58.506,29.233729643321777,52.06002001278438,15.303214189252628,
2018-12-16 09:50:08.930,5.193478895290661,45.82706297600666,28.884118168291653,
2018-11-29 02:29:21.326,7.258295567859157,62.65051818825632,18.832166946419058,clear
2018-11-29 01:47:08.110,22.83786933086733,63.78564753453075,21.64542423880116,clear
2018-11-28 17:21:23.114,12.834533404242032,68.77808823754802,2.9837290596417354,rain
2018-12-02 01:33:04.513,32.15376068666951,81.14067389581797,7.037892000519919,rain
2018-12-18 02:55:13.608,29.641219136143818,75.71591618033361,20.90114292794136,snow
2018-12-13 20:40:09.718,13.896637118069293,48.142755941319805,26.512231669989266,
2018-12-16 11:05:03.761,15.012263982440507,50.96766528863993,10.335574100288476,rain
2018-12-03 10:48:04.613,34.7291784187529,54.231884683205095,1.342789989167944,
2018-12-13 15:05:08.995,24.06977023668572,74.44413040636849,29.720530375406852,snow
2018-11-26 18:44:11.349,3.3467125995715135,60.4652968980222,28.66436779231891,snow
2018-11-30 10:27:58.843,32.246343189600694,80.24227586890467,11.52156727757492,
2018-12-18 17:45:09.974,3.981954069683446,41.99097851276795,26.87579645819816,clear
2018-12-16 15:45:06.935,17.86640705252628,77.90797122980715,2.6329109189531605,snow
2018-12-17 16:30:15.768,1.328937844350031,66.69937036718946,11.981537442799103,rain
2018-11-29 19:23:06.987,4.4665365890838,45.77876554790798,18.927001036227416,rain
2018-12-17 06:45:09.498,15.855206752220822,83.39783004418871,21.581706526302682,rain
2018-12-18 05:45:10.541,2.792268648435396,95.44642139259871,26.85090036385505,
2018-11-27 03:24:22.150,18.998777256258872,50.36335942335202,19.487134043003707,snow
2018-11-30 06:48:02.326,20.037210680344515,56.28257723101788,29.670269571065088,clear
2018-12-01 17:58:01.014,8.538584054766382,74.5325938897139,17.472099880553547,snow
2018-12-04 02:27:57.469,24.125901724406987,34.131313502276456,23.081074468786575,snow
2018-12-03 04:28:04.877,18.93686597387538,60.38856990935848,16.083923517511987,
2018-12-14 17:35:13.821,14.20886739977844,75.66249702021406,25.407910103044113,rain
2018-12-15 08:25:05.605,29.279431536822013,81.89519352271331,26.70515063869459,
2018-11-29 00:49:09.806,23.377641699716225,80.32234577630453,4.813963726920053,
2018-11-27 15:30:22.421,8.504012389274386,42.548300708245655,16.078776156976364,snow
2018-12-03 15:07:58.887,5.049510583479475,98.77665934612583,24.818972487427104,clear
2018-12-02 10:33:02.832,8.207629588375555,48.46578350406332,25.31900105174504,clear
2018-11-29 02:32:08.252,24.591033419267212,51.5634676960433,28.373413644655297,clear
2018-11-29 20:13:00.500,23.950373720696753,88.05093232830782,23.658861392980562,snow
2018-12-14 14:55:10.027,25.421391590628733,57.9740304175748,16.042883005642395,snow
2018-11-29 23:12:56.692,14.601535793767017,97.07207362196341,23.649095555099404,clear
2018-11-29 16:07:57.252,12.503695179679516,89.79873116138002,26.851013593485852,
2018-11-26 14:20:09.767,18.54959009518547,86.17876535075325,1.3807877599729346,
2018-12-17 21:40:12.103,5.917343104095888,78.88808480936376,8.306331597198437,
2018-12-17 07:10:11.526,26.336615972189126,55.39639275506032,3.1173307056790476,rain
2018-12-18 08:55:05.177,5.356807632393885,61.54578986401767,29.236772007663287,
2018-12-04 04:08:03.987,28.13374472377276,46.341237730287254,5.644758841669379,clear
2018-12-04 05:57:57.167,23.638507542906,81.11609895649248,18.909198149599266,rain
2018-11-29 04:29:08.562,23.74815676156612,87.7489769959222,0.542824200669394,snow
2018-12-14 00:30:11.481,18.14389750986962,67.5623398116908,24.980737126704273,clear
2018-12-03 06:58:01.599,10.984600442486942,37.346091304531654,2.1501625111198006,
2018-12-17 03:10:11.837,28.606365650492105,90.01329154095588,13.230484018691484,clear
2018-12-02 13:13:07.383,34.24414695413095,75.91965145990545,3.5448601987677586,rain
2018-12-13 05:20:07.451,4.685665704480007,71.23290311216061,4.3515265063533395,rain
2018-12-02 04:23:02.415,9.737441829921359,89.55211358917722,12.34350423693077,clear
2018-12-13 22:50:09.875,12.77246802294075,82.72575441122336,7.102900299807409,
2018-12-17 04:10:10.884,14.696345932843341,94.20297412995328,27.940013521398278,
2018-11-26 18:50:09.608,1.1892735299185042,49.64301905733056,19.672420643542242,
2018-11-29 09:47:59.277,24.83726751274287,35.768088549489285,29.108254601377833,rain
2018-11-29 16:42:56.182,32.80552776350462,90.11734691408495,4.471734684558527,rain
2018-11-27 12:12:23.615,1.517153015042234,31.916931365654285,17.416556318051363,clear
2018-11-27 13:30:22.308,16.94588588922303,35.748526136349206,24.903088013658614,clear
2018-12-04 06:13:03.874,23.99127665957861,41.441769655640144,9.09631959487334,
2018-12-03 02:08:03.974,6.27779202575754,52.067999716979344,18.31216882644966,snow
2018-12-16 12:10:11.498,7.621606532919065,38.95854824993115,10.162692101185815,
2018-12-15 09:40:10.280,7.3992134611897304,46.2255402889505,8.394702260816281,clear
2018-12-03 05:03:02.281,17.04478253668756,78.44202178774025,24.086781187757662,rain
2018-12-14 11:45:08.848,31.317636262269065,56.811528955252655,16.368814677891425,snow
2018-11-26 05:28:06.524,15.53317023664769,66.69206292481326,6.5064096500738655,snow
2018-11-26 05:50:01.301,9.112357698929635,93.5159883593206,25.311963363220208,snow
2018-12-03 08:28:07.295,3.7659666033368393,96.9886093866751,1.085204860235356,
2018-12-03 21:08:01.817,13.574919645209302,94.7530585254695,0.2060405797179199,clear
2018-12-14 17:50:13.348,15.815606205951255,95.70012130709546,22.374486594984482,rain
2018-12-01 19:12:59.893,8.800094526597633,57.854517022400124,17.574467854765015,clear
2018-11-26 11:59:09.840,2.7380888939245116,65.60388815917005,16.780707399089014,snow
2018-11-27 04:09:22.456,19.15038122238387,33.26301935648291,22.105050983916513,
2018-12-13 15:25:09.077,17.07398719148513,93.77456418766226,13.669949905429764,snow
2018-12-15 20:50:04.425,33.51396671283852,31.510889626562424,5.336591769753655,
2018-12-14 05:10:13.864,31.9763294950804,38.69964595544266,29.229908866960802,rain
2018-12-03 04:43:03.397,28.479241952496746,92.33200159963611,1.7237589697089772,
2018-11-26 06:14:17.855,19.2998303018141,39.72363739635123,20.706721202801607,snow
2018-11-27 02:15:22.023,22.820610496993996,57.5171682453758,20.026601020611242,snow
2018-12-15 00:25:10.915,24.43984071221057,37.32969363496941,5.457886990602069,
2018-11-27 22:42:23.007,7.090283210797244,89.24569521007737,22.448637890482185,clear
2018-11-28 10:38:07.901,14.252218434926117,74.23821474333295,3.1149677869284,snow
2018-12-18 18:10:11.232,15.6306796379041,54.13969849122366,25.825012555693124,
2018-11-26 12:02:09.864,33.94077537073321,38.20778875932929,26.24136305692365,snow
2018-12-16 21:20:11.935,25.921242760744843,93.01090024100608,5.476954669896349,clear
2018-11-27 17:33:22.048,0.8787608870307984,74.47411076679566,19.60624108210202,
2018-12-14 14:30:03.636,27.759600563197726,91.63949593364478,3.9812626005883125,
2018-11-27 02:15:22.605,5.405894703488888,96.70324463438435,9.693489416718341,clear
2018-12-01 12:42:55.884,16.697153635508144,64.39701670128113,20.760808826425368,
2018-12-14 07:45:05.265,16.389436620320254,87.88477716965679,24.828904595714416,clear
2018-12-18 12:30:08.877,31.07727446728462,59.65062864557036,0.6191597163730556,rain
2018-11-28 14:16:26.672,24.90843299330233,83.74139692979014,6.945112650336037,snow
2018-12-16 05:10:10.022,15.632767882840772,60.24178031806799,4.040487346990261,rain
2018-12-03 13:52:56.570,12.045179549119208,81.80121245740823,12.953117997787267,snow
2018-11-29 19:23:00.496,7.096689978132234,98.9462248879488,2.7939746114320476,
2018-11-29 08:38:01.604,1.9916681706526336,50.42730061885115,25.313327034883486,snow
2018-12-17 05:50:12.417,18.952455927417038,70.3949831915966,28.364261056078977,rain
2018-12-03 23:48:02.953,3.458609595627041,54.4669809534994,0.33696974137227276,
2018-11-27 23:24:22.232,13.773329079658865,52.87691604090483,22.959053244787114,
2018-12-14 21:35:03.528,5.186175447085036,38.054133406090685,2.0586542911940606,clear
2018-12-15 03:25:05.764,15.517119288063775,36.99281529596778,28.529387514142297,
2018-12-02 16:38:03.666,18.733952901236517,53.70667973271411,13.417346693434325,rain
2018-12-01 22:53:05.271,29.435987522907688,31.237303064870623,21.092381269180848,clear
2018-12-15 18:00:09.578,15.294041584037968,77.33236945334312,18.805557576805537,clear
2018-12-04 00:38:01.933,14.44119204342655,65.9870900793569,23.408136293280343,
2018-11-28 01:12:23.100,2.37140151468102,70.75437983418564,29.64395455328295,
2018-12-04 02:53:04.603,24.610531067406423,83.6487813889571,7.949044047324501,clear
2018-12-14 11:45:05.689,34.80417425565831,85.94110431747846,29.318150220500346,clear
2018-12-17 20:35:14.786,14.604542340951607,65.86610770085738,15.374509400599594,clear
2018-11-28 16:26:08.202,26.356564733766437,53.93985121711171,18.08529559405568,snow
2018-11-29 00:23:42.462,7.986004686501037,44.19164290275776,23.898765988414524,rain
2018-12-15 17:05:07.293,30.77802179549761,50.88875001382072,26.21931722922703,
2018-12-13 23:00:13.501,11.88714113949992,77.27580631403713,5.45524642298032,clear
2018-12-02 23:48:01.325,13.479670736143579,99.25899179711622,18.744804866755626,
2018-12-03 13:03:00.876,32.86658349908148,48.74419939995984,13.73051649490598,
2018-12-13 23:40:09.402,19.08609568521663,38.9722390645858,14.464679228426302,clear
2018-11-30 11:17:59.398,19.94956903027519,54.10087261207063,5.484694493914106,rain
2018-12-01 05:03:02.996,13.034932932901352,31.24860612661024,22.497907521729484,
2018-11-30 04:38:01.369,20.769324861353144,67.03062915630964,9.598512070047097,clear
2018-12-02 21:03:03.028,31.730950226515205,43.883408798585364,25.934726865937634,clear
2018-12-13 20:10:15.828,15.356827171249636,47.88659394656527,0.09836878467325172,
2018-11-28 18:56:24.441,0.7379321651007126,99.20600840889686,7.403097377964056,
2018-12-15 22:20:07.374,13.229246480311629,44.988716413636055,20.2658420200389,rain
2018-12-13 20:45:10.803,18.35656761262046,97.28000388452968,1.4018709586157707,rain
2018-12-15 21:40:07.043,10.242036465594337,40.75568081129212,21.948398908794466,rain
2018-11-28 12:20:07.627,1.3637909757259914,47.98241364850388,10.747174418981393,rain
2018-11-30 02:48:02.542,17.764899977227902,74.11921771402304,21.588878881221753,rain
2018-11-28 18:29:08.208,1.2033178005601286,36.8597527987459,8.33647363004181,snow
2018-11-30 12:53:05.939,33.89346399470225,96.17022313609527,16.372939156455246,snow
2018-11-29 22:43:11.804,20.6577050328354,93.23626626398986,25.879428326151917,clear
2018-12-03 01:08:00.552,3.786283186062493,58.16924324610548,3.290561664278994,rain
2018-12-01 22:38:03.543,21.573411544176054,90.34476601102949,3.329419883856647,
2018-11-27 09:45:22.244,11.707984496957618,53.652530012104876,26.190335904655218,rain
2018-12-13 14:45:04.320,6.314547283150536,58.71396452975394,28.116652921333834,
2018-12-02 02:48:02.941,22.371569767887156,84.68890581265515,14.85958819293996,rain
2018-12-18 07:45:03.842,6.552207609125064,44.68786920250476,6.306329709334269,snow
2018-11-29 14:23:00.647,6.443517225683984,92.04128587252418,19.359387108586862,
2018-11-27 09:12:22.222,5.6383901778034815,32.57174010416942,6.687579301718015,clear
2018-11-27 03:48:22.217,29.917116652541974,51.27783031439215,15.524347296793666,
2018-12-03 17:12:56.128,32.32859283083401,30.16846507062324,28.282309067051525,rain
2018-11-29 02:05:07.925,10.793516486459728,52.335094361652665,6.782726615759137,clear
2018-11-29 01:14:07.733,28.306488511009125,62.405555781029314,4.264338112147387,
2018-12-17 21:50:11.539,14.124090130213993,34.00854726638809,2.944397939250903,clear
2018-11-30 00:37:58.680,10.807809029197323,67.05136736915539,19.643498962124653,rain
2018-12-17 16:20:09.873,33.20216376532858,92.21959567392625,6.325563745965176,snow
2018-12-17 13:10:03.554,2.2801499384839117,86.95094276003132,10.68375158167766,
2018-11-26 18:02:10.609,18.513576754526834,43.36823377599343,11.251551445163756,clear
2018-11-29 20:23:06.102,1.9509992984746587,42.83906183677276,21.77853368376103,clear
2018-12-02 06:18:02.117,14.13514580550113,35.66372275157444,27.157906615210216,snow
2018-12-15 16:45:06.680,18.908869378521253,93.41378822536706,20.26615087009807,snow
2018-12-17 03:00:10.605,33.038287803760454,73.53909990218202,9.871378991234664,rain
2018-12-18 05:35:03.394,18.308604379766827,86.88718161306835,25.757972298528458,snow
2018-11-27 04:39:23.313,0.10556313363164371,67.3747548354025,5.885048651717872,rain
2018-11-29 03:04:21.551,30.644110573283275,77.04737299311952,4.651920452591311,rain
2018-12-02 14:57:58.164,17.021322234008466,95.1248782370638,22.140850200047165,rain
2018-11-27 15:36:22.363,5.237558403815045,38.631757110914684,2.417093464759236,snow
2018-11-26 17:08:10.551,33.211408782537184,70.29843591279126,12.241820802415706,rain
2018-12-18 17:25:13.765,0.14556217913935632,73.15572928906683,2.639315745742831,snow
2018-12-17 18:50:10.965,1.4667989670418775,55.39806899317319,29.800991220214005,clear
2018-12-02 05:47:56.264,24.426033942377988,70.72348650297911,23.813086758504724,
2018-11-28 22:38:07.689,2.4935984719991735,71.4126596763225,3.8755459660168388,snow
2018-12-13 18:10:11.315,14.746165059622546,43.74674375752801,18.094968681689487,clear
2018-12-17 04:15:11.188,32.89064244226887,57.543561714116194,29.815612504364324,clear
2018-12-14 13:10:07.849,29.37925900708074,56.88448877502673,21.259009897886735,snow
2018-11-26 23:30:14.745,10.214178507221206,65.49790708965475,20.252013677375984,rain
2018-12-13 05:40:08.447,34.98727525993555,92.36645399812343,16.152646267425702,clear
2018-11-27 23:21:22.117,24.63189200978799,37.526606423561994,28.601461440569032,clear
2018-12-15 13:40:07.344,25.37419757012455,53.38191529524894,22.84984507461978,rain
2018-12-14 09:00:05.121,10.046365947723892,40.823068884277006,22.29927544316827,rain
2018-12-03 01:08:00.736,27.57530385911852,72.95093580502994,5.240682273207147,clear
2018-11-26 06:19:04.659,14.466234193565922,47.2573522307058,28.761392918223102,snow
2018-11-28 18:32:08.817,10.332352436501797,89.9008444584301,26.362616060357492,
2018-12-01 02:10:04.480,12.147293226437162,86.38292415005522,23.714340327413247,rain
2018-12-14 17:05:11.696,30.637891253088004,63.58010720818997,27.8490178429814,
2018-12-16 02:50:10.830,31.11167058412846,42.422729093170695,21.858011996162205,
2018-11-26 04:49:40.109,20.872093753444716,79.93711849844968,8.01068932385067,clear
2018-12-01 23:43:02.596,8.783540130333627,41.60322355255996,28.948121165710784,rain
2018-12-15 10:25:03.636,0.08522879529358596,68.25545237731605,8.45238175546611,snow
2018-12-15 21:50:09.565,21.71351708710157,71.05525094532122,19.025854877711968,rain
2018-12-13 16:50:11.889,26.94500087845425,45.33881012467766,27.810407219296536,
2018-11-27 05:00:22.049,29.996821305155095,51.02352241641212,11.906232276821662,clear
2018-12-16 05:55:11.054,20.829335177424262,36.01903434084765,2.6176030999199096,snow
2018-12-02 23:28:02.657,14.302680206985558,58.224221572213494,5.880420239603591,snow
2018-11-27 11:57:21.877,31.594034830965228,89.31477202594861,24.018551634036925,clear
2018-11-28 13:02:08.375,33.4761682712331,37.25851550337875,24.06911486176368,clear
2018-12-18 16:20:09.538,14.762710146506462,30.863115458594738,29.73396198368391,clear
2018-11-29 03:50:08.454,23.309233100756224,30.031475483368258,1.4691396272241974,rain
2018-12-18 09:30:12.484,23.614922783791133,99.94456272823399,28.325585587263674,
2018-11-28 11:23:07.828,0.5665498699730265,97.09707721651283,18.331616711212206,snow
2018-12-14 03:30:05.428,32.00246633118071,71.28926460244764,8.728628063737855,snow
2018-11-27 12:21:23.934,26.68723335383322,94.77330634471011,4.362417379055977,
2018-12-03 02:18:02.403,1.09760878443248,90.51223967407986,23.267002874357157,clear
2018-12-01 05:08:02.505,29.950514346620096,44.862120317423496,23.37514162357644,rain
2018-11-27 18:54:24.323,13.711921586549026,82.95258151775806,4.425004883053654,rain
2018-12-15 03:45:09.270,26.970028646945707,95.40654201073801,25.427155230712884,rain
2018-11-30 22:28:14.212,29.550028089872477,79.39362723375014,29.373990725802376,clear
2018-12-17 11:30:09.252,22.096490747120473,30.156677445052708,8.924076899906963,snow
2018-12-14 12:00:12.376,7.690035131954202,60.35535089520077,15.372431667317823,clear
2018-12-13 09:00:09.538,15.935338620387556,58.86454832370879,17.476793792848675,
2018-11-29 12:13:02.694,7.637477332700856,36.414570781713195,14.661351485402347,rain
2018-12-17 03:05:07.242,2.090236701121075,50.122391361663844,11.54429602232635,clear
2018-12-18 11:15:09.719,24.35597245609678,74.37402620082031,24.19149019390822,rain
2018-11-29 00:29:08.193,29.60459197047116,85.89078521450605,9.275095365839034,snow
2018-12-15 18:15:09.831,24.89708625123717,46.40750264500198,18.29529017670333,
2018-11-27 06:03:22.168,16.30100330155531,89.12655246205553,0.8865593031186281,
2018-12-18 05:45:13.059,9.098222601197099,96.24032089752573,16.953171484039544,clear
2018-12-13 05:25:13.843,28.981231576966515,63.616479173580686,7.4781154954947375,snow
2018-11-28 23:43:42.202,10.928561736082553,62.361889286117936,20.884326897437482,snow
2018-11-30 10:42:57.483,13.332332784997208,95.97545196289661,28.495865470179194,
2018-11-26 05:50:01.949,5.326690453960249,53.71520019539105,13.226271499732675,clear
2018-11-26 22:20:24.024,26.424563636896337,87.66811479956982,20.196218182550226,snow
2018-11-30 13:23:01.398,15.528003488371066,30.665801328928197,3.4236967847458644,clear
2018-11-30 01:17:59.372,4.574052622678546,77.42106997473452,16.631417941075657,snow
2018-12-13 18:40:05.624,19.862956886470844,49.297478431844524,22.901221543350516,rain
2018-12-18 00:00:07.664,20.593311035797853,56.0439402643422,14.99431048530996,
2018-12-14 05:25:09.545,8.356590396669121,51.17608325034239,25.44166935078448,
2018-11-27 13:39:22.176,13.986736629698143,74.08550344881695,15.275774004960308,snow
2018-11-29 16:23:02.696,11.413206749628095,89.17229018538737,16.463449915693083,clear
2018-11-28 12:14:08.208,12.207668478176656,62.388215150430476,3.8936398806242876,rain
2018-12-01 15:18:02.190,24.25879096987339,37.78055285058028,22.747560033950204,clear
2018-12-16 04:25:12.467,23.47235939015998,44.24296660757045,13.030813371660765,clear
2018-11-27 03:57:22.116,31.913284077160633,51.45679838965551,3.092852178174482,snow
2018-12-01 17:28:04.025,9.372447501615973,33.812010204304435,19.568777180619332,
2018-11-28 18:47:08.208,13.118735652939119,87.22717434409066,3.271207659689843,rain
2018-12-17 22:15:14.199,30.479608156993475,30.27364556628738,3.747291569571364,clear
2018-12-13 08:45:09.171,13.529096810012112,64.37587892808071,18.350452702125992,clear
2018-11-30 08:18:04.700,7.632240165263944,47.73623776025723,25.988127441480955,rain
2018-12-18 18:20:13.899,4.271902733217577,75.56051325337168,24.774380434064575,rain
2018-11-29 18:53:01.709,6.660494515514702,61.74482248649598,4.8583511465555205,snow
2018-12-16 17:20:08.478,7.131130733355972,72.53533868097264,21.600965789934556,snow
2018-12-17 22:50:10.636,14.035994733163072,77.56799166917986,8.394061511349822,snow
2018-12-16 18:40:16.990,29.459000308906656,45.58007634104963,1.717317560556848,snow
2018-11-30 04:58:03.714,28.33530111092493,85.3486683331702,13.693231221365549,rain
2018-12-03 21:48:04.060,31.135158866681056,58.76283534871524,29.487250667224572,clear
2018-12-10 02:28:41.156,16.06764462775032,55.28370637318815,3.3897708628056344,
2018-11-27 19:54:23.077,10.316992222480469,46.781898193226624,23.887766098755034,
2018-11-27 09:33:22.161,22.533467142599708,76.32927880190414,16.661664265611762,snow
2018-12-16 15:15:08.590,28.611043894436943,59.09316632274155,7.11437039262047,clear
2018-11-30 01:58:02.707,10.250375534980892,96.44951356514555,14.809689717320984,clear
2018-11-27 20:21:23.946,16.64633964867912,71.93293770206802,10.360163422820253,
2018-11-28 22:08:41.127,18.224002381507763,48.20689478105246,16.084119708950446,
2018-12-02 20:23:07.153,24.955945963367412,66.61359044021717,27.05516887147538,snow
2018-12-16 01:40:15.310,25.690785019639527,71.68677439534886,11.551910948685665,clear
2018-12-15 13:25:11.856,28.498062134904604,31.140787630518176,4.381453505205299,
2018-12-18 17:20:09.944,5.029270617193074,63.17737826717361,11.69745055458713,
2018-12-15 12:45:10.045,24.0052496238236,44.51365986139925,21.441179334938273,snow
2018-11-29 04:19:21.252,9.54906741435074,51.14613808917171,17.649195596039505,clear
2018-12-17 16:20:07.252,30.640988414567918,46.062206638388545,29.06444720201642,snow
2018-12-13 09:30:07.651,8.357845750529926,98.38667271950304,1.731290704745505,snow
2018-12-13 08:20:14.198,25.73429900611623,37.04718708870682,5.909266707102275,
2018-12-03 20:48:01.281,16.123197130881383,69.6527174363456,19.969847726737612,
2018-11-29 06:43:00.243,12.603398534267054,86.09893390947362,27.710665684252042,
2018-12-13 19:45:05.893,18.28248476831806,98.33140061273004,0.3072911054974603,snow
2018-11-30 07:02:55.744,12.85054589498865,54.944510575335244,26.492967796484326,rain
2018-12-02 12:23:03.278,11.129018829266279,69.1083021794265,27.029959508883692,clear
2018-12-13 14:50:05.006,20.868586534586647,38.677395895467285,1.3301582027128067,rain
2018-11-30 04:53:02.749,31.814697554711845,40.873173447853546,2.7723667655378046,clear
2018-12-13 16:20:06.571,18.641220562427527,83.23001186226315,26.621704749270716,clear
2018-11-30 08:08:02.798,21.7844644190728,55.00195669144429,25.97461545751295,rain
2018-12-18 13:25:08.777,13.794325535439256,95.55138629919203,8.92003479227441,snow
2018-12-16 10:15:09.402,5.648958242327266,89.43645420305688,4.059114871798126,snow
2018-11-30 02:37:57.815,5.103590010639611,87.29456271180172,5.852446411502642,rain
2018-11-30 15:58:05.170,29.710691671949874,53.92818215844477,0.23057428727556228,
2018-12-13 16:30:07.292,34.40379198421199,84.56820996787636,20.91235796161224,snow
2018-12-18 05:20:09.620,5.57485775682168,46.45539318001512,9.672573564383455,snow
2018-12-03 06:47:57.402,2.9494527266449886,78.88748229891948,9.912165062175575,snow
2018-12-02 18:38:06.748,31.19427035434587,73.3115740590045,17.056463487797647,rain
2018-12-17 04:25:16.950,21.9587692122468,46.96569885756204,25.02943325362927,snow
2018-12-01 08:58:04.713,4.987607630851917,91.19115671271794,5.817090665613639,snow
2018-11-30 16:52:57.477,13.826006822366848,55.443174560450174,21.969191840598803,snow
2018-12-17 23:05:03.929,20.858955756588838,57.8846039281139,5.026075991249343,clear
2018-12-15 01:20:03.729,12.38416189169982,96.52020600096606,0.8518180889045857,rain
2018-11-28 09:40:33.405,19.506866392777518,93.4072098125504,7.396207042342978,snow
2018-12-03 23:52:56.711,28.350876887661514,68.21477512351287,3.578679468612347,rain
2018-11-29 10:48:01.675,33.59068118194287,59.94263240143414,23.93543135986944,rain
2018-11-27 02:21:23.424,32.375468398149614,94.44192795676673,7.560543626308346,rain
2018-11-27 16:24:22.158,21.721475086241515,63.46957450697985,17.76001328322563,
2018-12-17 23:05:05.420,13.219268741574268,74.5046656518984,5.340026967694013,clear
2018-12-14 16:05:12.264,12.746936776274003,98.16464371272063,20.278349443894072,snow
2018-11-27 05:24:23.663,21.25856406553189,94.86560149296776,28.101138740908485,rain
2018-12-03 06:07:57.901,22.801549893780376,63.18380127466705,2.415290043819336,snow
2018-11-29 04:32:08.069,11.08255363275887,41.45172588274406,28.531921461569297,rain
2018-11-27 15:33:22.415,23.94617463623985,91.77578926287862,19.57641190458212,
2018-12-17 16:20:09.447,21.355673156912435,61.144082056426356,23.64638983474849,
2018-12-01 08:48:02.339,9.422537539558459,56.80065589430765,6.8280842043464265,snow
2018-12-16 17:00:08.928,13.88714012834146,38.532781575815704,24.27586452980269,
2018-12-17 15:00:08.077,21.568899031798193,38.260202243223624,19.278914455409563,
2018-11-26 10:38:09.805,14.65389341945158,98.99982313317145,21.68701721353409,rain
2018-12-15 07:15:08.655,3.115046497727896,90.04354874303775,2.3210756327247104,clear
2018-12-16 12:40:12.142,10.718918436172496,56.345250504358134,20.903377257219162,
2018-12-02 12:33:03.300,19.17382416533973,68.55925693122262,24.758595251972515,snow
2018-12-10 00:38:28.039,6.740076566350442,34.508795325792306,9.852415856549037,
2018-11-28 18:16:27.189,1.7602886937145428,45.14595889010524,26.52088967609673,
2018-12-01 17:52:56.922,12.516211390214107,48.271784506724586,19.52471796392738,
2018-11-28 14:59:07.745,11.51160491605916,45.52798788032538,11.13099057399034,rain
2018-12-02 22:37:58.745,26.03076481118025,75.47105745325467,8.818389508759774,rain
2018-11-26 12:47:09.512,20.155509928138013,86.2052122945814,9.21692242503505,
2018-12-01 06:43:01.564,17.308593823393064,80.88488393009038,21.557786796940054,rain
2018-11-26 22:08:09.799,8.617197250592673,35.1725053194796,26.421065750980826,snow
2018-11-27 03:42:23.619,8.771612654849244,37.689408679890406,28.756926890277192,clear
2018-12-15 19:20:04.635,29.725630846133736,46.46359296574479,21.52488285873757,rain
2018-11-26 22:59:10.345,17.347635184380238,74.6534014041132,23.67826714552638,snow
2018-11-28 18:56:07.785,24.843951971639488,88.71739045161661,25.871933559072893,clear
2018-12-02 06:08:02.975,31.194256137259746,96.35470252010037,9.55512915791508,rain
2018-12-18 12:45:05.704,32.71991770558746,76.93983096958172,23.984945167392997,snow
2018-12-18 09:25:06.877,32.03961390308596,80.93329293963268,3.534774214823692,snow
2018-12-14 00:45:03.923,13.533760327803966,37.83334008353751,27.106368286258714,snow
2018-12-02 07:37:59.380,32.105329600621744,65.90060572627561,13.332867091978722,clear
2018-11-28 15:17:07.491,28.161849069737965,57.36883609122117,19.145657931010547,clear
2018-12-01 18:53:01.883,22.604872902371948,78.08325245717637,4.872395149328181,clear
2018-12-03 14:23:02.230,8.72552171954624,56.30745599991283,2.9824767257064924,clear
2018-12-16 20:50:10.233,23.609260390013386,83.36972587189226,10.903210621328252,snow
2018-12-01 05:28:02.863,16.418579704544808,85.2262879263615,23.966201898534756,snow
2018-12-02 13:43:02.456,8.022050135394206,35.23505995604849,28.27801999031036,clear
2018-11-27 12:27:22.394,9.717105012989391,47.712083134840114,20.702187228654566,rain
2018-11-27 00:27:14.417,13.399661201039619,86.12095733166453,1.6416238938411587,snow
2018-12-15 22:50:07.726,19.20083165782012,60.44659697654906,9.710403496191455,clear
2018-11-30 20:03:08.413,34.30665931688431,67.24782308136133,26.47517611802105,clear
2018-11-28 18:36:26.189,14.702603150437723,74.90222877649032,4.64952168666237,clear
2018-12-13 21:05:10.705,31.392725001722205,74.49195589127089,27.186779476693008,snow
2018-11-27 17:09:23.834,7.453656668133894,83.6723135405266,22.390062349053956,snow
2018-12-15 12:55:04.512,3.082276961491006,82.85090488218071,17.994186768969794,snow
2018-12-17 13:40:07.281,16.158671816850042,49.96704886354379,23.933388792698754,rain
2018-11-30 04:27:57.340,22.50252764931219,78.14679468477196,17.331208467360444,snow
2018-11-29 16:43:08.279,27.924635465860558,49.814695129159915,21.391334365540715,clear
2018-12-03 02:23:03.514,33.0151535660709,35.24222085736591,13.188317708981872,clear
2018-12-15 01:30:09.150,27.782267526515053,37.09015055356805,19.528271509523968,snow
2018-12-14 15:55:14.097,20.250129263300014,43.8431404687729,16.692853888435796,
2018-12-17 09:45:04.992,6.490505647924183,81.44628906790598,1.6857263527293775,snow
2018-12-17 03:50:09.933,11.333380151450324,80.76687592253973,29.011706852730203,snow
2018-11-29 00:44:08.101,7.178094525505391,78.36698963445883,23.01480165168155,
2018-12-15 02:30:04.089,22.07483868309278,88.81455677500863,13.57115876594754,clear
2018-12-17 03:15:14.088,1.2833111970021382,40.44595243352839,10.372836029776085,
2018-11-26 19:59:10.786,11.803809345380179,41.353202759249356,12.026810268555966,snow
2018-12-18 04:30:08.767,4.819640496038083,55.15470378644649,15.554242744879343,clear
2018-12-14 00:25:10.067,27.43046475501227,67.40747377191255,15.79211373449647,snow
2018-12-14 16:25:11.426,6.243074113498555,46.14865561479973,9.709037476037004,clear
2018-12-14 09:05:12.718,22.525014849910722,62.14166052113131,9.702126666126116,snow
2018-11-29 16:58:01.180,5.828296617005135,85.4691762275192,2.727573765831216,rain
2018-12-03 09:23:01.717,14.280785390075529,72.30108363716027,25.801119936173457,
2018-11-28 18:47:07.761,33.475624854419294,70.5435626281592,19.10258231970471,
2018-12-14 05:50:11.563,23.317359535429016,43.50302643648642,23.744815342807787,
2018-11-30 08:18:04.314,10.548362091586089,67.62062883197288,21.749841053314643,snow
2018-12-14 05:10:07.552,16.638372519593002,34.161139247179015,0.7779383320857525,snow
2018-11-26 19:14:10.280,23.110686144204713,30.547588348800037,12.828948477496368,clear
2018-11-28 19:59:07.990,23.462057793492612,84.19270053822079,25.09572107559818,
2018-12-01 06:32:59.903,11.1948140558431,55.2249283020915,22.901157492945664,
2018-11-28 14:41:25.491,25.661251691041436,49.99974688379244,7.407044416446911,clear
2018-11-28 19:20:08.291,34.56368700078661,73.5623888246278,3.357431289927991,snow
2018-11-27 18:06:22.868,10.10827718920946,90.70964892775314,27.159782241746075,snow
2018-12-03 02:17:56.203,33.11097889253415,41.30833768778366,0.7976010944198042,rain
2018-12-16 12:10:07.404,14.331772250155042,67.2131581119833,27.884324147870167,rain
2018-12-03 12:57:56.289,30.947365890342848,90.05494533111195,10.320902004949545,clear
2018-12-01 00:37:56.956,7.456136515978143,95.89758541361842,1.844039337903931,rain
2018-12-01 09:27:57.108,12.522152005816364,50.25793696473722,22.568590500724518,snow
2018-11-27 03:09:23.265,31.972081495495058,58.95833088228052,24.501397242293088,
2018-12-03 21:13:00.936,5.960750970787378,60.63801037425555,4.7882338865031535,
2018-12-14 10:40:12.013,4.935597786817063,30.862218301109397,18.50285401819509,
2018-11-29 20:02:56.108,13.164238418594458,39.933310062881844,5.499761286214162,clear
2018-12-16 22:40:12.428,13.731227220086444,89.85297464783991,28.971949966080327,rain
2018-11-29 16:48:03.800,9.450060929772878,48.78086802077128,13.324502340004704,rain
2018-11-27 02:54:22.186,3.558171078814251,67.84358666731282,12.646990950587902,rain
2018-12-16 13:20:14.641,0.30769596045388814,72.58650109611077,3.6241139948873102,snow
2018-12-14 11:35:08.570,26.978553036221268,61.072537787781606,10.230421177978911,snow
2018-12-03 09:37:56.479,27.946827112828636,35.71161677993889,22.78848746683159,snow
2018-12-02 17:28:02.060,22.45281225614432,93.58701606315034,6.904172207462512,rain
2018-11-26 18:08:12.595,3.7390809516191315,32.54784936172546,13.96031216477693,clear
2018-12-03 22:52:57.662,32.59981862012042,63.383366053574946,1.1214044548272994,rain
2018-12-16 17:55:05.372,31.56647123320926,87.43806094359027,19.488395394609274,
2018-11-29 00:08:38.902,0.49744937703427916,91.2101354006807,28.4556414157192,clear
2018-12-03 07:42:57.587,33.86559468885584,96.55057707020345,15.852253484571783,clear
2018-12-01 13:47:59.059,11.501260294075808,78.12566280505033,19.131288236724163,rain
2018-12-16 07:30:13.726,15.156951734769537,57.51240924234557,26.976333606135164,clear
2018-12-04 04:32:57.638,6.207337941553162,83.0153269676515,22.188837832220656,
2018-11-30 13:22:55.777,1.4354593259825832,93.22365352211483,2.092152843813422,clear
2018-12-15 08:50:14.244,12.363021562893968,99.59958168897784,20.987097706447486,rain
2018-11-28 23:43:39.949,1.2633206602098612,62.0537381664805,5.1415790911639645,rain
2018-12-13 19:25:05.676,0.1035721674079354,37.06486711112978,21.089522660355225,snow
2018-11-30 06:13:03.516,30.986891590219656,89.71506949107867,0.9165536616853243,rain
2018-12-03 14:47:56.271,26.914227208271924,45.33885587415196,1.4173894254575414,rain
2018-12-16 00:45:03.833,26.526684397755325,53.394198527720704,16.10325095043309,snow
2018-12-18 04:25:05.374,3.6546976511777234,31.224025587515573,24.940475917456602,
2018-12-13 21:00:13.698,3.5868548479645046,84.43419147421712,23.84225929654452,clear
2018-12-13 08:20:13.288,33.48146448369268,82.3865698059211,12.7845761529006,
2018-12-01 02:10:04.501,13.453412282022725,89.06742579500639,22.994445453106266,clear
2018-11-27 04:09:23.750,26.487642108848036,63.04068980827679,4.98466801294459,clear
2018-11-28 18:56:07.910,28.421625462459552,91.12849025458821,18.376280435737552,
2018-12-01 23:28:01.028,32.28227664212937,36.307931139308415,9.768647813256118,rain
2018-11-28 15:53:08.097,10.867010046331725,89.31522681077871,28.219481409157638,snow
2018-12-03 21:28:05.062,9.419546435323115,32.572278352930574,22.34611937310114,rain
2018-11-29 19:18:03.345,9.540261638789472,41.44410039227745,1.5404685446998656,
2018-12-02 04:48:04.747,9.362683996080175,36.31569092626153,21.002473048673743,
2018-11-30 21:03:04.449,7.040418075475245,97.83708958743973,17.86997049361736,snow
2018-12-02 03:08:04.837,32.194669833925765,48.95508182674148,9.036084956063554,
2018-12-14 00:55:14.556,18.282520049672904,48.704615981170875,4.930515168030971,
2018-12-16 01:15:10.573,27.094954999774348,90.53509642119306,4.3447933958798055,clear
2018-12-14 19:05:08.617,21.410089286382608,58.32353346264571,10.351346587615753,rain
2018-12-18 07:30:05.254,8.005015821359942,57.95477095675989,13.53572787526468,rain
2018-11-27 22:51:23.633,27.45398176575275,30.267829882824934,11.113882056289263,rain
2018-12-02 10:57:59.083,15.727933123382533,83.89323412098747,27.413237236677283,
2018-12-01 10:48:03.802,1.5861837422053844,51.144874707819156,9.764660614792033,rain
2018-11-29 21:23:01.424,4.144668719412408,68.33192077115214,17.13825424237415,
2018-12-17 19:45:11.240,18.419574287612683,39.24372336617711,11.245307890893795,clear
2018-12-03 19:12:59.384,13.396624890931566,65.16269577245558,5.2410441128784155,snow
2018-12-02 03:53:05.857,13.438645671488768,66.69959931838055,3.6638696837446827,clear
2018-12-15 11:00:09.214,3.2068108241819986,97.84120436447027,2.089898696575727,clear
2018-12-16 22:55:10.031,33.12376386838958,44.1157167270356,1.012174434572355,snow
2018-11-26 05:17:46.174,33.22346468553377,91.7948804869751,7.906011116376089,
2018-11-29 01:23:39.079,14.450109093235803,33.90717144753834,29.267708863560912,
2018-11-28 12:20:07.987,14.970979776277844,47.230322314184896,10.550370840441968,
2018-11-30 19:03:06.649,29.819044154857664,70.97727658357539,20.857157622395388,
2018-12-14 22:40:05.107,21.385893881804485,79.28568767391405,1.1597225874593398,clear
2018-12-13 17:05:17.206,24.093361585845923,79.42038676082643,16.39539682655066,rain
2018-11-30 00:23:02.320,23.110483390632425,82.17662224737,24.422417152077426,rain
2018-12-17 14:20:14.189,24.730551245583865,46.43016453935229,23.366469223746623,rain
2018-12-13 04:45:11.331,29.132569439290783,67.14063435299579,16.700957037269628,clear
2018-11-26 23:00:10.503,13.780417457582159,75.87175812270166,5.7957292544098475,rain
2018-11-29 06:23:02.212,7.07813430613084,99.26138062677431,3.8094803754189233,rain
2018-12-01 16:43:06.721,16.066892076651456,83.5059570503268,28.516862323657765,rain
2018-12-02 17:13:03.437,16.314958962637128,42.701816111567496,2.989211111581537,snow
2018-12-18 16:15:12.599,14.272234815324003,79.60309760295723,20.015851138343688,rain
2018-11-26 07:38:35.449,14.717995368226081,35.56839285198937,29.606472586465785,rain
2018-11-27 01:48:21.936,21.203001257418226,96.6692334114022,5.9381843228635915,snow
2018-12-03 17:08:01.019,30.370071662766318,99.96929042972668,2.810298423932336,clear
2018-12-13 04:55:10.637,14.551228854696074,78.48986910327343,15.032847467763515,
2018-11-28 09:32:19.124,12.474295627459309,62.61565388462832,27.035720021079808,
2018-11-27 11:12:23.663,27.32512021375699,46.41699466984943,3.659855112216782,clear
2018-11-28 19:47:08.524,30.26864431463205,58.36518051875562,24.810186112779547,snow
2018-11-30 02:17:59.787,28.54718253651592,89.14258690309272,14.119664931885795,snow
2018-11-29 23:13:08.376,9.159752351540625,56.34629727192249,22.73252671695179,
2018-11-27 11:30:22.316,15.437859548075325,66.6352818205322,21.88632625222008,snow
2018-11-26 19:35:10.320,16.123818727121566,37.869252068761796,29.84454772993256,
2018-12-17 17:10:09.755,32.62765770186781,36.59824067047733,26.288196372496017,
2018-11-27 00:36:14.979,12.949491422484222,56.26427965011247,26.048563367475317,snow
2018-12-04 01:18:01.435,27.85015768631003,48.01031099657298,17.390250690231703,clear
2018-11-27 03:27:23.422,31.17218381852842,95.09617484033859,21.678306970185776,clear
2018-11-29 04:54:54.555,24.487702186362593,92.49465024529323,25.585097168236853,snow
2018-11-28 13:56:23.062,32.67780924420018,92.59183553249888,9.48575082712667,rain
2018-12-02 00:53:06.446,8.157751754730633,37.59393918452956,25.214859212416922,clear
2018-12-14 03:50:07.353,13.502293831238362,35.83545151632923,15.376705325223758,rain
2018-12-02 10:13:03.164,28.4637206451494,66.2194651771869,6.14832544621359,clear
2018-11-26 16:38:10.005,18.590349662379325,85.92501871196237,14.485117872716227,
2018-12-15 06:35:07.949,5.356346126120632,80.8143169249853,20.325083863499966,clear
2018-12-14 06:35:08.588,9.425825109365135,45.856520761294114,10.970218127484785,snow
2018-12-13 08:35:13.664,27.71538071092632,42.25808781432468,9.691678967617314,clear
2018-12-13 20:15:09.245,26.92709545895635,53.182582838663166,20.310554673267827,rain
2018-12-03 02:38:03.768,22.63994915809894,60.67906717030815,29.741753285470743,snow
2018-12-02 10:27:59.577,17.72773007848485,98.95852731606512,22.944892084347725,snow
2018-11-29 03:47:08.059,27.63808328982477,78.48042279447239,19.090866623181082,
2018-11-30 08:38:01.030,14.342707586865595,85.20917569330365,3.706784756622983,snow
2018-12-10 02:13:39.236,5.578956552754977,49.367681691303595,20.669901079029636,snow
2018-12-17 12:45:08.171,18.46334136905863,85.9265963856165,0.33427529909067055,rain
2018-11-27 07:36:22.672,22.744356499454387,82.08262683487013,28.635516087822076,
2018-12-01 11:12:56.756,10.76389310876054,69.56341403758853,28.507198914855287,rain
2018-11-29 16:58:02.672,1.4510856314996934,37.34526833440306,16.086155156718267,
2018-11-28 23:47:08.142,22.343973498225704,78.66302897416797,6.276054283967869,snow
2018-11-28 23:35:07.761,26.17464497323866,45.05135002806409,13.281521853332915,
2018-12-02 04:48:03.193,24.752421722762367,34.73065963187949,18.282045433534087,snow
2018-12-15 14:05:13.544,9.568466781396387,80.68124754524017,11.526464697340844,clear
2018-11-27 03:33:22.401,12.589679575164954,54.434208558596296,3.3634031952958763,
2018-11-28 16:26:07.593,11.198815446448885,92.25524646913195,6.722795974245694,clear
2018-12-03 08:18:07.371,9.363470644438658,31.23215321620969,19.875962997669298,rain
2018-11-29 16:57:58.514,27.02065660443648,70.73324521040632,19.975265984704826,snow
2018-12-03 20:02:57.437,17.35760763652313,43.71526094343629,13.26663734680129,snow
2018-12-01 20:17:57.832,25.63414501237228,53.45821237205118,12.201895113912304,
2018-12-17 06:05:05.355,29.643857581617308,89.16399575012255,26.056276727724654,
2018-11-30 00:02:59.595,5.240571684046696,50.28236674380639,6.367310899224976,
2018-12-17 03:05:08.567,16.799456538072555,40.521029982884926,11.714239058887724,rain
2018-11-29 04:38:08.675,20.468421572214297,42.683820214070934,4.843190036146775,
2018-11-29 00:29:07.851,3.093558432524101,46.274095756061755,5.3556158722149725,rain
2018-12-04 04:27:59.954,26.569841869166464,62.93211030779929,24.601230387693285,clear
2018-12-15 14:00:11.144,7.309153048633135,56.85419226610245,16.30993945434966,rain
2018-11-29 13:57:58.235,8.079532803261504,56.905344241339336,3.2892539243279586,rain
2018-11-28 17:41:26.625,0.8988538711405292,63.0887207459958,18.0248420059682,snow
2018-12-18 06:25:03.669,20.723548389847636,70.69559924483585,21.524332829813417,rain
2018-12-14 22:50:09.430,28.266447736175195,83.42381304789379,10.893603901056064,clear
2018-12-14 10:20:05.607,32.59043585789294,51.02179325138373,27.247886763685926,
2018-12-15 02:10:07.884,19.009120673801895,91.28722937776713,5.393283217501644,clear
2018-12-13 10:20:03.783,21.133292703228996,32.57117077769367,2.380598202565234,snow
2018-12-16 09:15:13.707,9.550995680023814,31.27190648418339,28.295710999385363,clear
2018-12-16 06:30:07.801,8.469552623292618,37.04509816425709,4.008311563146604,rain
2018-12-15 11:40:05.550,8.761617768617812,60.198193083565556,19.94421634039763,
2018-12-17 17:50:11.606,3.66342566763241,51.336857793977686,23.43264303082562,clear
2018-11-29 10:47:55.909,21.595409563203415,96.65681364295199,13.11164051773466,clear
2018-12-04 02:58:03.378,29.97537672586016,64.33284885682787,12.33432055104678,snow
2018-11-28 11:35:08.198,11.584561195799603,47.36643854129062,27.671707977190845,clear
2018-11-28 23:50:08.044,18.26220724283096,64.90376703638626,5.243217367611729,clear
2018-12-14 15:40:06.830,31.811031228526062,37.916649495018824,5.781321035218428,rain
2018-11-27 07:00:21.863,7.617718230051125,40.77491025708028,16.494674410059208,rain
2018-12-15 17:45:08.970,20.715581631639573,36.216257727191156,24.415039716614277,clear
2018-12-04 04:13:02.587,19.49877636980807,65.52287149997812,8.187171773480827,
2018-12-15 03:15:07.465,1.4784627569304316,30.972911482286513,5.9751607863113865,
2018-11-28 22:20:08.139,22.778223220639312,93.68075037825258,1.2322157448485238,snow
2018-11-27 19:45:22.774,26.91198821405115,39.77018310857073,6.2717855230273365,
2018-12-02 00:33:00.214,26.603382905635815,31.89724664651261,0.9946482786089617,snow
2018-12-17 12:00:10.546,9.558541002349104,66.36145227718237,13.55725762658188,
2018-12-03 01:18:02.561,31.991030503015484,39.22292249992002,4.9970066858882625,rain
2018-12-01 08:13:04.866,2.5701994100913907,67.87723644644342,6.621329741509104,
2018-11-27 06:54:22.224,28.560459161568602,68.11279470694718,12.567573781308019,clear
2018-11-28 13:21:26.047,4.670233763438627,91.92079694754375,13.110760475987277,snow
2018-12-16 18:30:11.790,2.868972362047841,90.81678443497063,7.523909766078133,snow
2018-11-28 20:53:08.132,32.120328836642614,72.2519631577454,15.001862974932534,snow
2018-11-26 23:48:14.155,23.753228620897577,60.23856930860403,26.71539768398852,
2018-12-02 23:43:05.346,22.9034490109473,83.89458528497701,18.894931256109015,rain
2018-11-28 19:17:08.236,21.890848272415628,52.46119718260661,2.6185155720158013,
2018-11-27 12:18:23.769,4.66757763519842,75.21099728459201,8.546687490244807,
2018-12-17 15:30:08.024,33.220264943590266,82.10052284632323,23.78206596795599,rain
